n;A;alpha;R^2;suggested_partition;epsilon1;epsilon2
3;20;0;[1, 1, 1];[[0, 1, 2]];4.263256414560601e-14;0
3;20;1;[1, 1, 1];[[0, 1, 2]];2.842170943040401e-14;0
3;20;2;[1, 1, 1];[[0, 1, 2]];5.684341886080802e-14;0
3;20;3;[1, 1, 1];[[0, 1, 2]];5.684341886080802e-14;0
3;20;4;[1, 1, 1];[[0, 1, 2]];2.842170943040401e-14;0
3;20;5;[1, 1, 1];[[0, 1, 2]];2.842170943040401e-14;0
3;20;6;[1, 1, 1];[[0, 1, 2]];1.4210854715202004e-14;0
3;20;7;[1, 1, 1];[[0, 1, 2]];2.842170943040401e-14;0
3;20;8;[1, 1, 1];[[0, 1, 2]];2.842170943040401e-14;0
3;20;9;[1, 1, 1];[[0, 1, 2]];1.4210854715202004e-14;0
3;100;0;[1, 1, 1];[[0], [1], [2]];9.094947017729282e-13;0
3;100;1;[1, 1, 1];[[0, 1, 2]];9.094947017729282e-13;0
3;100;2;[1, 1, 1];[[0, 1, 2]];9.094947017729282e-13;0
3;100;3;[1, 1, 1];[[0, 1, 2]];9.094947017729282e-13;0
3;100;4;[1, 1, 1];[[0, 1, 2]];9.094947017729282e-13;0
3;100;5;[1, 1, 1];[[0, 1, 2]];4.547473508864641e-13;0
3;100;6;[1, 1, 1];[[0, 1, 2]];4.547473508864641e-13;0
3;100;7;[1, 1, 1];[[0, 1, 2]];4.547473508864641e-13;0
3;100;8;[1, 1, 1];[[0, 1, 2]];4.547473508864641e-13;0
3;100;9;[1, 1, 1];[[0, 1, 2]];4.547473508864641e-13;0
4;20;0;[1, 1, 1, 1];[[0, 1, 3], [2]];1.7053025658242404e-13;0
4;20;1;[1, 1, 1, 1];[[0, 1, 2, 3]];1.1368683772161603e-13;0
4;20;2;[1, 1, 1, 1];[[0, 1, 2, 3]];5.684341886080802e-14;0
4;20;3;[1, 1, 1, 1];[[0, 1, 2, 3]];8.526512829121202e-14;0
4;20;4;[1, 1, 1, 1];[[0, 1, 2, 3]];5.684341886080802e-14;0
4;20;5;[1, 1, 1, 1];[[0, 1, 2, 3]];1.1368683772161603e-13;0
4;20;6;[1, 1, 1, 1];[[0, 1, 2, 3]];9.947598300641403e-14;0
4;20;7;[1, 1, 1, 1];[[0, 1, 2, 3]];5.684341886080802e-14;0
4;20;8;[1, 1, 1, 1];[[0, 1, 2, 3]];1.2789769243681803e-13;0
4;20;9;[1, 1, 1, 1];[[0, 1, 2, 3]];7.105427357601002e-14;0
4;100;0;[1, 1, 1, 1];[[0, 2, 3], [1]];2.7284841053187847e-12;0
4;100;1;[1, 1, 1, 1];[[0, 1, 2, 3]];3.637978807091713e-12;0
4;100;2;[1, 1, 1, 1];[[0, 1, 2, 3]];1.8189894035458565e-12;0
4;100;3;[1, 1, 1, 1];[[0, 1, 2, 3]];1.8189894035458565e-12;0
4;100;4;[1, 1, 1, 1];[[0, 1, 2, 3]];1.3642420526593924e-12;0
4;100;5;[1, 1, 1, 1];[[0, 1, 2, 3]];3.183231456205249e-12;0
4;100;6;[1, 1, 1, 1];[[0, 1, 2, 3]];2.7284841053187847e-12;0
4;100;7;[1, 1, 1, 1];[[0, 1, 2, 3]];1.5916157281026244e-12;0
4;100;8;[1, 1, 1, 1];[[0, 1, 2, 3]];1.8189894035458565e-12;0
4;100;9;[1, 1, 1, 1];[[0, 1, 2, 3]];1.2505552149377763e-12;0
5;20;0;[1, 1, 1, 1, 1];[[0, 1, 2, 3], [4]];1.9895196601282805e-13;0
5;20;1;[1, 1, 1, 1, 1];[[0, 1, 2, 3, 4]];3.126388037344441e-13;0
5;20;2;[1, 1, 1, 1, 1];[[0, 1, 2, 3, 4]];2.5579538487363607e-13;0
5;20;3;[1, 1, 1, 1, 1];[[0, 1, 2, 3, 4]];2.2737367544323206e-13;0
5;20;4;[1, 1, 1, 1, 1];[[0, 1, 2, 3, 4]];1.7053025658242404e-13;0
5;20;5;[1, 1, 1, 1, 1];[[0, 1, 2, 3, 4]];1.9895196601282805e-13;0
5;20;6;[1, 1, 1, 1, 1];[[0, 1, 2, 3, 4]];1.9895196601282805e-13;0
5;20;7;[1, 1, 1, 1, 1];[[0, 1, 2, 3, 4]];1.2789769243681803e-13;0
5;20;8;[1, 1, 1, 1, 1];[[0, 1, 2, 3, 4]];1.4210854715202004e-13;0
5;20;9;[1, 1, 1, 1, 1];[[0, 1, 2, 3, 4]];1.5631940186722204e-13;0
5;100;0;[1, 1, 1, 1, 1];[[0, 1, 2, 3], [4]];6.366462912410498e-12;0
5;100;1;[1, 1, 1, 1, 1];[[0, 1, 2, 3, 4]];6.366462912410498e-12;0
5;100;2;[1, 1, 1, 1, 1];[[0, 1, 2, 3, 4]];6.366462912410498e-12;0
5;100;3;[1, 1, 1, 1, 1];[[0, 1, 2, 3, 4]];4.547473508864641e-12;0
5;100;4;[1, 1, 1, 1, 1];[[0, 1, 2, 3, 4]];4.547473508864641e-12;0
5;100;5;[1, 1, 1, 1, 1];[[0, 1, 2, 3, 4]];4.547473508864641e-12;0
5;100;6;[1, 1, 1, 1, 1];[[0, 1, 2, 3, 4]];3.183231456205249e-12;0
5;100;7;[1, 1, 1, 1, 1];[[0, 1, 2, 3, 4]];2.7284841053187847e-12;0
5;100;8;[1, 1, 1, 1, 1];[[0, 1, 2, 3, 4]];3.637978807091713e-12;0
5;100;9;[1, 1, 1, 1, 1];[[0, 1, 2, 3, 4]];4.547473508864641e-12;0
6;20;0;[1, 1, 1, 1, 1, 1];[[1, 2, 3, 4, 5], [0]];1.9895196601282805e-13;0
6;20;1;[0.995, 1, 1, 1, 1, 1];[[0, 1, 2, 3, 4, 5]];1.678836779873535;0
6;20;2;[0.995, 1, 1, 1, 1, 1];[[0, 1, 2, 3, 4, 5]];3.7629684766185107;0
6;20;3;[0.994, 1, 1, 1, 1, 1];[[0, 1, 2, 3, 4, 5]];5.2717921091495725;0
6;20;4;[0.994, 1, 1, 1, 1, 1];[[0, 1, 2, 3, 4, 5]];6.251771146029199;0
6;20;5;[0.994, 1, 1, 1, 1, 1];[[0, 1, 2, 3, 4, 5]];6.850839673375077;0
6;20;6;[0.995, 1, 1, 1, 1, 1];[[0, 1, 2, 3, 4, 5]];7.190559088456595;0
6;20;7;[0.995, 1, 1, 1, 1, 1];[[0, 1, 2, 3, 4, 5]];7.356372364908012;0
6;20;8;[0.995, 1, 1, 1, 1, 1];[[0, 1, 2, 3, 4, 5]];7.406045850631088;0
6;20;9;[0.995, 1, 1, 1, 1, 1];[[0, 1, 2, 3, 4, 5]];7.378365949990865;0
6;100;0;[1, 1, 1, 1, 1, 1];[[0, 1, 2, 3, 4, 5]];5.4569682106375694e-12;0
6;100;1;[0.995, 1, 1, 1, 1, 1];[[0, 1, 2, 3, 4, 5]];41.97091949683818;0
6;100;2;[0.995, 1, 1, 1, 1, 1];[[0, 1, 2, 3, 4, 5]];94.07421191546109;0
6;100;3;[0.994, 1, 1, 1, 1, 1];[[0, 1, 2, 3, 4, 5]];131.7948027287398;0
6;100;4;[0.994, 1, 1, 1, 1, 1];[[0, 1, 2, 3, 4, 5]];156.29427865073012;0
6;100;5;[0.994, 1, 1, 1, 1, 1];[[0, 1, 2, 3, 4, 5]];171.27099183437713;0
6;100;6;[0.995, 1, 1, 1, 1, 1];[[0, 1, 2, 3, 4, 5]];179.76397721141348;0
6;100;7;[0.995, 1, 1, 1, 1, 1];[[0, 1, 2, 3, 4, 5]];183.90930912270005;0
6;100;8;[0.995, 1, 1, 1, 1, 1];[[0, 1, 2, 3, 4, 5]];185.1511462657777;0
6;100;9;[0.995, 1, 1, 1, 1, 1];[[0, 1, 2, 3, 4, 5]];184.4591487497728;0
7;20;0;[1, 1, 1, 1, 1, 1, 1];[[1, 2, 3, 4, 5], [0, 6]];3.979039320256561e-13;0
7;20;1;[0.937, 1, 1, 1, 1, 1, 1];[[0, 1, 2, 3, 4, 5, 6]];1.7388822665606511;0
7;20;2;[0.915, 1, 1, 1, 1, 1, 1];[[0, 1, 2, 3, 4, 5, 6]];4.60120706042953;0
7;20;3;[0.896, 1, 1, 1, 1, 1, 1];[[0, 1, 2, 3, 4, 5, 6]];7.309726580240678;0
7;20;4;[0.881, 1, 1, 1, 1, 1, 1];[[0, 1, 2, 3, 4, 5, 6]];9.568142103261977;0
7;20;5;[0.867, 1, 1, 1, 1, 1, 1];[[0, 1, 2, 3, 4, 5, 6]];11.357496723300216;0
7;20;6;[0.856, 1, 1, 1, 1, 1, 1];[[0, 1, 2, 3, 4, 5, 6]];12.7370556186861;0
7;20;7;[0.847, 1, 1, 1, 1, 1, 1];[[0, 1, 2, 3, 4, 5, 6]];13.78005838863512;0
7;20;8;[0.839, 1, 1, 1, 1, 1, 1];[[0, 1, 2, 3, 4, 5, 6]];14.553685563334469;0
7;20;9;[0.832, 1, 1, 1, 1, 1, 1];[[0, 1, 2, 3, 4, 5, 6]];15.114096284251474;0
7;100;0;[1, 1, 1, 1, 1, 1, 1];[[1, 3, 4, 5], [2, 6], [0]];9.094947017729282e-12;0
7;100;1;[0.937, 1, 1, 1, 1, 1, 1];[[0, 1, 2, 3, 4, 5, 6]];43.47205666401669;0
7;100;2;[0.915, 1, 1, 1, 1, 1, 1];[[0, 1, 2, 3, 4, 5, 6]];115.03017651073833;0
7;100;3;[0.896, 1, 1, 1, 1, 1, 1];[[0, 1, 2, 3, 4, 5, 6]];182.74316450601464;0
7;100;4;[0.881, 1, 1, 1, 1, 1, 1];[[0, 1, 2, 3, 4, 5, 6]];239.20355258154768;0
7;100;5;[0.867, 1, 1, 1, 1, 1, 1];[[0, 1, 2, 3, 4, 5, 6]];283.93741808250525;0
7;100;6;[0.856, 1, 1, 1, 1, 1, 1];[[0, 1, 2, 3, 4, 5, 6]];318.42639046715294;0
7;100;7;[0.847, 1, 1, 1, 1, 1, 1];[[0, 1, 2, 3, 4, 5, 6]];344.50145971587847;0
7;100;8;[0.839, 1, 1, 1, 1, 1, 1];[[0, 1, 2, 3, 4, 5, 6]];363.8421390833619;0
7;100;9;[0.832, 1, 1, 1, 1, 1, 1];[[0, 1, 2, 3, 4, 5, 6]];377.85240710628705;0
8;20;0;[1, 1, 1, 1, 1, 1, 1, 1];[[4, 5, 6, 7], [0, 2], [1, 3]];3.410605131648481e-13;0
8;20;1;[0.936, 0.937, 0.988, 1, 1, 1, 1, 1];[[0, 1, 2, 3, 4, 5, 6, 7]];2.5361959550993163;0
8;20;2;[0.91, 0.923, 0.985, 1, 1, 1, 1, 1];[[0, 1, 2, 3, 4, 5, 6, 7]];6.166178822015297;0
8;20;3;[0.886, 0.912, 0.983, 1, 1, 1, 1, 1];[[0, 1, 2, 3, 4, 5, 6, 7]];10.061000891760699;0
8;20;4;[0.866, 0.903, 0.982, 1, 1, 1, 1, 1];[[0, 1, 2, 3, 4, 5, 6, 7]];13.448600042618338;0
8;20;5;[0.848, 0.895, 0.98, 1, 1, 1, 1, 1];[[0, 1, 2, 3, 4, 5, 6, 7]];16.238991096960433;0
8;20;6;[0.833, 0.889, 0.979, 1, 1, 1, 1, 1];[[0, 1, 2, 3, 4, 5, 6, 7]];18.474142084280942;0
8;20;7;[0.82, 0.884, 0.978, 1, 1, 1, 1, 1];[[0, 1, 2, 3, 4, 5, 6, 7]];20.232831784654195;0
8;20;8;[0.809, 0.88, 0.977, 1, 1, 1, 1, 1];[[0, 1, 2, 3, 4, 5, 6, 7]];21.59642828798289;0
8;20;9;[0.8, 0.876, 0.977, 1, 1, 1, 1, 1];[[0, 1, 2, 3, 4, 5, 6, 7]];22.637552297966096;0
8;100;0;[1, 1, 1, 1, 1, 1, 1, 1];[[0, 1, 2, 3, 4, 6, 7], [5]];9.094947017729282e-12;0
8;100;1;[0.936, 0.937, 0.988, 1, 1, 1, 1, 1];[[0, 1, 2, 3, 4, 5, 6, 7]];63.40489887748481;0
8;100;2;[0.91, 0.923, 0.985, 1, 1, 1, 1, 1];[[0, 1, 2, 3, 4, 5, 6, 7]];154.1544705503834;0
8;100;3;[0.886, 0.912, 0.983, 1, 1, 1, 1, 1];[[0, 1, 2, 3, 4, 5, 6, 7]];251.52502229401898;0
8;100;4;[0.866, 0.903, 0.982, 1, 1, 1, 1, 1];[[0, 1, 2, 3, 4, 5, 6, 7]];336.2150010654582;0
8;100;5;[0.848, 0.895, 0.98, 1, 1, 1, 1, 1];[[0, 1, 2, 3, 4, 5, 6, 7]];405.97477742401225;0
8;100;6;[0.833, 0.889, 0.979, 1, 1, 1, 1, 1];[[0, 1, 2, 3, 4, 5, 6, 7]];461.85355210702346;0
8;100;7;[0.82, 0.884, 0.978, 1, 1, 1, 1, 1];[[0, 1, 2, 3, 4, 5, 6, 7]];505.82079461635476;0
8;100;8;[0.809, 0.88, 0.977, 1, 1, 1, 1, 1];[[0, 1, 2, 3, 4, 5, 6, 7]];539.9107071995722;0
8;100;9;[0.8, 0.876, 0.977, 1, 1, 1, 1, 1];[[0, 1, 2, 3, 4, 5, 6, 7]];565.938807449153;0
9;20;0;[1, 1, 1, 1, 1, 1, 1, 1, 1];[[0, 1, 4, 5, 8], [2, 6], [3, 7]];4.547473508864641e-13;0
9;20;1;[0.914, 0.935, 0.965, 0.996, 1, 1, 1, 1, 1];[[0, 1, 2, 3, 4, 5, 6, 7, 8]];3.2092070988533123;0
9;20;2;[0.881, 0.918, 0.959, 0.995, 1, 1, 1, 1, 1];[[0, 1, 2, 3, 4, 5, 6, 7, 8]];8.85546221637162;0
9;20;3;[0.85, 0.904, 0.953, 0.995, 1, 1, 1, 1, 1];[[0, 1, 2, 3, 4, 5, 6, 7, 8]];14.553106043168995;0
9;20;4;[0.824, 0.892, 0.949, 0.995, 1, 1, 1, 1, 1];[[0, 1, 2, 3, 4, 5, 6, 7, 8]];19.592738717172836;0
9;20;5;[0.8, 0.883, 0.945, 0.995, 1, 1, 1, 1, 1];[[0, 1, 2, 3, 4, 5, 6, 7, 8]];23.819311258783273;0
9;20;6;[0.781, 0.875, 0.942, 0.995, 1, 1, 1, 1, 1];[[0, 1, 2, 3, 4, 5, 6, 7, 8]];27.270303392858096;0
9;20;7;[0.763, 0.868, 0.94, 0.995, 1, 1, 1, 1, 1];[[0, 1, 2, 3, 4, 5, 6, 7, 8]];30.042312525923492;0
9;20;8;[0.748, 0.863, 0.937, 0.995, 1, 1, 1, 1, 1];[[0, 1, 2, 3, 4, 5, 6, 7, 8]];32.24130662315528;0
9;20;9;[0.735, 0.858, 0.935, 0.995, 1, 1, 1, 1, 1];[[0, 1, 2, 3, 4, 5, 6, 7, 8]];33.96494334287273;0
9;100;0;[1, 1, 1, 1, 1, 1, 1, 1, 1];[[1, 2, 3, 4, 8], [0, 6, 7], [5]];8.640199666842818e-12;0
9;100;1;[0.914, 0.935, 0.965, 0.996, 1, 1, 1, 1, 1];[[0, 1, 2, 3, 4, 5, 6, 7, 8]];80.23017747133281;0
9;100;2;[0.881, 0.918, 0.959, 0.995, 1, 1, 1, 1, 1];[[0, 1, 2, 3, 4, 5, 6, 7, 8]];221.38655540928812;0
9;100;3;[0.85, 0.904, 0.953, 0.995, 1, 1, 1, 1, 1];[[0, 1, 2, 3, 4, 5, 6, 7, 8]];363.8276510792248;0
9;100;4;[0.824, 0.892, 0.949, 0.995, 1, 1, 1, 1, 1];[[0, 1, 2, 3, 4, 5, 6, 7, 8]];489.8184679293222;0
9;100;5;[0.8, 0.883, 0.945, 0.995, 1, 1, 1, 1, 1];[[0, 1, 2, 3, 4, 5, 6, 7, 8]];595.4827814695846;0
9;100;6;[0.781, 0.875, 0.942, 0.995, 1, 1, 1, 1, 1];[[0, 1, 2, 3, 4, 5, 6, 7, 8]];681.7575848214524;0
9;100;7;[0.763, 0.868, 0.94, 0.995, 1, 1, 1, 1, 1];[[0, 1, 2, 3, 4, 5, 6, 7, 8]];751.057813148087;0
9;100;8;[0.748, 0.863, 0.937, 0.995, 1, 1, 1, 1, 1];[[0, 1, 2, 3, 4, 5, 6, 7, 8]];806.0326655788813;0
9;100;9;[0.735, 0.858, 0.935, 0.995, 1, 1, 1, 1, 1];[[0, 1, 2, 3, 4, 5, 6, 7, 8]];849.1235835718194;0
10;20;0;[1, 1, 1, 1, 1, 1, 1, 1, 1, 1];[[0, 1, 3, 5], [2, 4, 9], [6, 7, 8]];7.958078640513122e-13;0
10;20;1;[0.914, 0.923, 0.959, 0.992, 1, 1, 1, 1, 1, 1];[[0, 1, 2, 3, 4, 5, 6, 7, 8, 9]];3.857124042324358;0
10;20;2;[0.879, 0.903, 0.949, 0.991, 1, 1, 1, 1, 1, 1];[[0, 1, 2, 3, 4, 5, 6, 7, 8, 9]];10.47792720698311;0
10;20;3;[0.845, 0.886, 0.94, 0.99, 1, 1, 1, 1, 1, 1];[[0, 1, 2, 3, 4, 5, 6, 7, 8, 9]];17.44749547402607;0
10;20;4;[0.815, 0.873, 0.933, 0.989, 1, 1, 1, 1, 1, 1];[[0, 1, 2, 3, 4, 5, 6, 7, 8, 9]];23.754935561951783;0
10;20;5;[0.789, 0.861, 0.927, 0.989, 1, 1, 1, 1, 1, 1];[[0, 1, 2, 3, 4, 5, 6, 7, 8, 9]];29.16213979582878;0
10;20;6;[0.766, 0.852, 0.922, 0.988, 1, 1, 1, 1, 1, 1];[[0, 1, 2, 3, 4, 5, 6, 7, 8, 9]];33.67399685989098;0
10;20;7;[0.745, 0.844, 0.918, 0.988, 1, 1, 1, 1, 1, 1];[[0, 1, 2, 3, 4, 5, 6, 7, 8, 9]];37.37939582859674;0
10;20;8;[0.728, 0.837, 0.915, 0.987, 1, 1, 1, 1, 1, 1];[[0, 1, 2, 3, 4, 5, 6, 7, 8, 9]];40.38850013402721;0
10;20;9;[0.712, 0.831, 0.912, 0.987, 1, 1, 1, 1, 1, 1];[[0, 1, 2, 3, 4, 5, 6, 7, 8, 9]];42.80845616709331;0
10;100;0;[1, 1, 1, 1, 1, 1, 1, 1, 1, 1];[[1, 2, 3, 4, 5, 6, 7, 8, 9], [0]];2.546585164964199e-11;0
10;100;1;[0.914, 0.923, 0.959, 0.992, 1, 1, 1, 1, 1, 1];[[0, 1, 2, 3, 4, 5, 6, 7, 8, 9]];96.42810105810622;0
10;100;2;[0.879, 0.903, 0.949, 0.991, 1, 1, 1, 1, 1, 1];[[0, 1, 2, 3, 4, 5, 6, 7, 8, 9]];261.94818017457783;0
10;100;3;[0.845, 0.886, 0.94, 0.99, 1, 1, 1, 1, 1, 1];[[0, 1, 2, 3, 4, 5, 6, 7, 8, 9]];436.1873868506523;0
10;100;4;[0.815, 0.873, 0.933, 0.989, 1, 1, 1, 1, 1, 1];[[0, 1, 2, 3, 4, 5, 6, 7, 8, 9]];593.8733890487943;0
10;100;5;[0.789, 0.861, 0.927, 0.989, 1, 1, 1, 1, 1, 1];[[0, 1, 2, 3, 4, 5, 6, 7, 8, 9]];729.0534948957188;0
10;100;6;[0.766, 0.852, 0.922, 0.988, 1, 1, 1, 1, 1, 1];[[0, 1, 2, 3, 4, 5, 6, 7, 8, 9]];841.8499214972735;0
10;100;7;[0.745, 0.844, 0.918, 0.988, 1, 1, 1, 1, 1, 1];[[0, 1, 2, 3, 4, 5, 6, 7, 8, 9]];934.4848957149175;0
10;100;8;[0.728, 0.837, 0.915, 0.987, 1, 1, 1, 1, 1, 1];[[0, 1, 2, 3, 4, 5, 6, 7, 8, 9]];1009.7125033506823;0
10;100;9;[0.712, 0.831, 0.912, 0.987, 1, 1, 1, 1, 1, 1];[[0, 1, 2, 3, 4, 5, 6, 7, 8, 9]];1070.2114041773325;0
11;20;0;[1, 1, 1, 1, 1, 1, 1, 1, 1, 1, 1];[[0, 2, 3, 4, 5], [1, 8, 9], [7, 10], [6]];1.3073986337985843e-12;0
11;20;1;[0.902, 0.915, 0.945, 0.984, 0.984, 1, 1, 1, 1, 1, 1];[[0, 1, 2, 3, 4, 5, 6, 7, 8, 9, 10]];5.0117764232816455;0
11;20;2;[0.864, 0.891, 0.93, 0.981, 0.983, 1, 1, 1, 1, 1, 1];[[0, 1, 2, 3, 4, 5, 6, 7, 8, 9, 10]];12.702331759407144;0
11;20;3;[0.828, 0.871, 0.918, 0.978, 0.983, 1, 1, 1, 1, 1, 1];[[0, 1, 2, 3, 4, 5, 6, 7, 8, 9, 10]];20.410912847779414;0
11;20;4;[0.795, 0.853, 0.908, 0.975, 0.983, 1, 1, 1, 1, 1, 1];[[0, 1, 2, 3, 4, 5, 6, 7, 8, 9, 10]];27.942026481666787;0
11;20;5;[0.766, 0.839, 0.9, 0.973, 0.982, 1, 1, 1, 1, 1, 1];[[0, 1, 2, 3, 4, 5, 6, 7, 8, 9, 10]];34.48160214358299;0
11;20;6;[0.741, 0.827, 0.893, 0.971, 0.982, 1, 1, 1, 1, 1, 1];[[0, 1, 2, 3, 4, 5, 6, 7, 8, 9, 10]];40.01239866763444;0
11;20;7;[0.718, 0.816, 0.887, 0.97, 0.982, 1, 1, 1, 1, 1, 1];[[0, 1, 2, 3, 4, 5, 6, 7, 8, 9, 10]];44.619758492054316;0
11;20;8;[0.699, 0.807, 0.882, 0.969, 0.982, 1, 1, 1, 1, 1, 1];[[0, 1, 2, 3, 4, 5, 6, 7, 8, 9, 10]];48.41882470257086;0
11;20;9;[0.681, 0.8, 0.878, 0.967, 0.982, 1, 1, 1, 1, 1, 1];[[0, 1, 2, 3, 4, 5, 6, 7, 8, 9, 10]];51.525406116661486;0
11;100;0;[1, 1, 1, 1, 1, 1, 1, 1, 1, 1, 1];[[0, 1, 2, 3, 4, 5, 6, 7, 8, 9, 10]];2.9103830456733704e-11;0
11;100;1;[0.902, 0.915, 0.945, 0.984, 0.984, 1, 1, 1, 1, 1, 1];[[0, 1, 2, 3, 4, 5, 6, 7, 8, 9, 10]];125.29441058203975;0
11;100;2;[0.864, 0.891, 0.93, 0.981, 0.983, 1, 1, 1, 1, 1, 1];[[0, 1, 2, 3, 4, 5, 6, 7, 8, 9, 10]];317.55829398517926;0
11;100;3;[0.828, 0.871, 0.918, 0.978, 0.983, 1, 1, 1, 1, 1, 1];[[0, 1, 2, 3, 4, 5, 6, 7, 8, 9, 10]];510.27282119448637;0
11;100;4;[0.795, 0.853, 0.908, 0.975, 0.983, 1, 1, 1, 1, 1, 1];[[0, 1, 2, 3, 4, 5, 6, 7, 8, 9, 10]];698.5506620416677;0
11;100;5;[0.766, 0.839, 0.9, 0.973, 0.982, 1, 1, 1, 1, 1, 1];[[0, 1, 2, 3, 4, 5, 6, 7, 8, 9, 10]];862.0400535895765;0
11;100;6;[0.741, 0.827, 0.893, 0.971, 0.982, 1, 1, 1, 1, 1, 1];[[0, 1, 2, 3, 4, 5, 6, 7, 8, 9, 10]];1000.3099666908602;0
11;100;7;[0.718, 0.816, 0.887, 0.97, 0.982, 1, 1, 1, 1, 1, 1];[[0, 1, 2, 3, 4, 5, 6, 7, 8, 9, 10]];1115.4939623013574;0
11;100;8;[0.699, 0.807, 0.882, 0.969, 0.982, 1, 1, 1, 1, 1, 1];[[0, 1, 2, 3, 4, 5, 6, 7, 8, 9, 10]];1210.47061756427;0
11;100;9;[0.681, 0.8, 0.878, 0.967, 0.982, 1, 1, 1, 1, 1, 1];[[0, 1, 2, 3, 4, 5, 6, 7, 8, 9, 10]];1288.1351529165363;0
12;20;0;[1, 1, 1, 1, 1, 1, 1, 1, 1, 1, 1, 1];[[4, 5, 6, 9, 10, 11], [0, 3, 7], [1, 2, 8]];7.958078640513122e-13;0
12;20;1;[0.903, 0.909, 0.934, 0.97, 0.992, 1, 1, 1, 1, 1, 1, 1];[[0, 1, 2, 3, 4, 5, 6, 7, 8, 9, 10, 11]];5.894114785449432;0
12;20;2;[0.863, 0.882, 0.916, 0.964, 0.991, 1, 1, 1, 1, 1, 1, 1];[[0, 1, 2, 3, 4, 5, 6, 7, 8, 9, 10, 11]];15.167165075028464;0
12;20;3;[0.825, 0.859, 0.901, 0.958, 0.991, 1, 1, 1, 1, 1, 1, 1];[[0, 1, 2, 3, 4, 5, 6, 7, 8, 9, 10, 11]];23.56437199934672;0
12;20;4;[0.79, 0.84, 0.889, 0.953, 0.99, 1, 1, 1, 1, 1, 1, 1];[[0, 1, 2, 3, 4, 5, 6, 7, 8, 9, 10, 11]];31.347184852999135;0
12;20;5;[0.759, 0.823, 0.879, 0.949, 0.99, 1, 1, 1, 1, 1, 1, 1];[[0, 1, 2, 3, 4, 5, 6, 7, 8, 9, 10, 11]];38.904520849270654;0
12;20;6;[0.731, 0.809, 0.87, 0.946, 0.99, 1, 1, 1, 1, 1, 1, 1];[[0, 1, 2, 3, 4, 5, 6, 7, 8, 9, 10, 11]];45.379762490614766;0
12;20;7;[0.707, 0.797, 0.863, 0.943, 0.99, 1, 1, 1, 1, 1, 1, 1];[[0, 1, 2, 3, 4, 5, 6, 7, 8, 9, 10, 11]];50.846553234944224;0
12;20;8;[0.685, 0.787, 0.856, 0.94, 0.99, 1, 1, 1, 1, 1, 1, 1];[[0, 1, 2, 3, 4, 5, 6, 7, 8, 9, 10, 11]];55.41786917775269;0
12;20;9;[0.666, 0.778, 0.851, 0.938, 0.989, 1, 1, 1, 1, 1, 1, 1];[[0, 1, 2, 3, 4, 5, 6, 7, 8, 9, 10, 11]];59.212296426790715;0
12;100;0;[1, 1, 1, 1, 1, 1, 1, 1, 1, 1, 1, 1];[[0, 1, 2, 5, 6, 7], [3], [4], [8], [9], [10], [11]];3.2741809263825417e-11;0
12;100;1;[0.903, 0.909, 0.934, 0.97, 0.992, 1, 1, 1, 1, 1, 1, 1];[[0, 1, 2, 3, 4, 5, 6, 7, 8, 9, 10, 11]];147.35286963623457;0
12;100;2;[0.863, 0.882, 0.916, 0.964, 0.991, 1, 1, 1, 1, 1, 1, 1];[[0, 1, 2, 3, 4, 5, 6, 7, 8, 9, 10, 11]];379.1791268757097;0
12;100;3;[0.825, 0.859, 0.901, 0.958, 0.991, 1, 1, 1, 1, 1, 1, 1];[[0, 1, 2, 3, 4, 5, 6, 7, 8, 9, 10, 11]];589.1092999836692;0
12;100;4;[0.79, 0.84, 0.889, 0.953, 0.99, 1, 1, 1, 1, 1, 1, 1];[[0, 1, 2, 3, 4, 5, 6, 7, 8, 9, 10, 11]];783.6796213249786;0
12;100;5;[0.759, 0.823, 0.879, 0.949, 0.99, 1, 1, 1, 1, 1, 1, 1];[[0, 1, 2, 3, 4, 5, 6, 7, 8, 9, 10, 11]];972.6130212317648;0
12;100;6;[0.731, 0.809, 0.87, 0.946, 0.99, 1, 1, 1, 1, 1, 1, 1];[[0, 1, 2, 3, 4, 5, 6, 7, 8, 9, 10, 11]];1134.494062265369;0
12;100;7;[0.707, 0.797, 0.863, 0.943, 0.99, 1, 1, 1, 1, 1, 1, 1];[[0, 1, 2, 3, 4, 5, 6, 7, 8, 9, 10, 11]];1271.1638308736074;0
12;100;8;[0.685, 0.787, 0.856, 0.94, 0.99, 1, 1, 1, 1, 1, 1, 1];[[0, 1, 2, 3, 4, 5, 6, 7, 8, 9, 10, 11]];1385.4467294438177;0
12;100;9;[0.666, 0.778, 0.851, 0.938, 0.989, 1, 1, 1, 1, 1, 1, 1];[[0, 1, 2, 3, 4, 5, 6, 7, 8, 9, 10, 11]];1480.3074106697677;0
13;20;0;[1, 1, 1, 1, 1, 1, 1, 1, 1, 1, 1, 1, 1];[[0, 1], [2, 6], [3, 12], [4, 11], [5, 10], [7, 8], [9]];2.6716406864579767e-12;0
13;20;1;[0.894, 0.906, 0.927, 0.965, 0.987, 0.98, 1, 1, 1, 1, 1, 1, 1];[[0, 1, 2, 3, 4, 5, 6, 7, 8, 9, 10, 11, 12]];7.083631498422051;0
13;20;2;[0.852, 0.877, 0.907, 0.956, 0.986, 0.979, 1, 1, 1, 1, 1, 1, 1];[[0, 1, 2, 3, 4, 5, 6, 7, 8, 9, 10, 11, 12]];18.135395146082203;0
13;20;3;[0.812, 0.851, 0.89, 0.947, 0.985, 0.978, 1, 1, 1, 1, 1, 1, 1];[[0, 1, 2, 3, 4, 5, 6, 7, 8, 9, 10, 11, 12]];28.437337912232266;0
13;20;4;[0.776, 0.828, 0.875, 0.941, 0.983, 0.977, 1, 1, 1, 1, 1, 1, 1];[[0, 1, 2, 3, 4, 5, 6, 7, 8, 9, 10, 11, 12]];36.83455868768257;0
13;20;5;[0.743, 0.809, 0.863, 0.935, 0.982, 0.977, 1, 1, 1, 1, 1, 1, 1];[[0, 1, 2, 3, 4, 5, 6, 7, 8, 9, 10, 11, 12]];43.80321775089679;0
13;20;6;[0.714, 0.793, 0.853, 0.93, 0.981, 0.977, 1, 1, 1, 1, 1, 1, 1];[[0, 1, 2, 3, 4, 5, 6, 7, 8, 9, 10, 11, 12]];51.25392447750693;0
13;20;7;[0.688, 0.779, 0.844, 0.926, 0.981, 0.976, 1, 1, 1, 1, 1, 1, 1];[[0, 1, 2, 3, 4, 5, 6, 7, 8, 9, 10, 11, 12]];57.60574898264659;0
13;20;8;[0.665, 0.766, 0.837, 0.922, 0.98, 0.976, 1, 1, 1, 1, 1, 1, 1];[[0, 1, 2, 3, 4, 5, 6, 7, 8, 9, 10, 11, 12]];62.972641413035674;0
13;20;9;[0.644, 0.756, 0.83, 0.919, 0.979, 0.976, 1, 1, 1, 1, 1, 1, 1];[[0, 1, 2, 3, 4, 5, 6, 7, 8, 9, 10, 11, 12]];67.47756215978048;0
13;100;0;[1, 1, 1, 1, 1, 1, 1, 1, 1, 1, 1, 1, 1];[[0, 1, 2, 3, 4, 5, 6, 7, 8, 9, 10, 11, 12]];6.002665031701326e-11;0
13;100;1;[0.894, 0.906, 0.927, 0.965, 0.987, 0.98, 1, 1, 1, 1, 1, 1, 1];[[0, 1, 2, 3, 4, 5, 6, 7, 8, 9, 10, 11, 12]];177.09078746055366;0
13;100;2;[0.852, 0.877, 0.907, 0.956, 0.986, 0.979, 1, 1, 1, 1, 1, 1, 1];[[0, 1, 2, 3, 4, 5, 6, 7, 8, 9, 10, 11, 12]];453.38487865205843;0
13;100;3;[0.812, 0.851, 0.89, 0.947, 0.985, 0.978, 1, 1, 1, 1, 1, 1, 1];[[0, 1, 2, 3, 4, 5, 6, 7, 8, 9, 10, 11, 12]];710.9334478058017;0
13;100;4;[0.776, 0.828, 0.875, 0.941, 0.983, 0.977, 1, 1, 1, 1, 1, 1, 1];[[0, 1, 2, 3, 4, 5, 6, 7, 8, 9, 10, 11, 12]];920.8639671920637;0
13;100;5;[0.743, 0.809, 0.863, 0.935, 0.982, 0.977, 1, 1, 1, 1, 1, 1, 1];[[0, 1, 2, 3, 4, 5, 6, 7, 8, 9, 10, 11, 12]];1095.080443772421;0
13;100;6;[0.714, 0.793, 0.853, 0.93, 0.981, 0.977, 1, 1, 1, 1, 1, 1, 1];[[0, 1, 2, 3, 4, 5, 6, 7, 8, 9, 10, 11, 12]];1281.3481119376738;0
13;100;7;[0.688, 0.779, 0.844, 0.926, 0.981, 0.976, 1, 1, 1, 1, 1, 1, 1];[[0, 1, 2, 3, 4, 5, 6, 7, 8, 9, 10, 11, 12]];1440.143724566165;0
13;100;8;[0.665, 0.766, 0.837, 0.922, 0.98, 0.976, 1, 1, 1, 1, 1, 1, 1];[[0, 1, 2, 3, 4, 5, 6, 7, 8, 9, 10, 11, 12]];1574.3160353258918;0
13;100;9;[0.644, 0.756, 0.83, 0.919, 0.979, 0.976, 1, 1, 1, 1, 1, 1, 1];[[0, 1, 2, 3, 4, 5, 6, 7, 8, 9, 10, 11, 12]];1686.9390539945116;0
14;20;0;[1, 1, 1, 1, 1, 1, 1, 1, 1, 1, 1, 1, 1, 1];[[1, 2, 3, 4, 5, 6, 7, 8, 9, 10, 11, 12, 13], [0]];1.4779288903810084e-12;0
14;20;1;[0.896, 0.898, 0.922, 0.954, 0.982, 0.984, 1, 1, 1, 1, 1, 1, 1, 1];[[0, 1, 2, 3, 4, 5, 6, 7, 8, 9, 10, 11, 12, 13]];8.222949292250206;0
14;20;2;[0.853, 0.866, 0.9, 0.941, 0.979, 0.983, 1, 1, 1, 1, 1, 1, 1, 1];[[0, 1, 2, 3, 4, 5, 6, 7, 8, 9, 10, 11, 12, 13]];21.55627978397243;0
14;20;3;[0.812, 0.837, 0.88, 0.93, 0.975, 0.983, 1, 1, 1, 1, 1, 1, 1, 1];[[0, 1, 2, 3, 4, 5, 6, 7, 8, 9, 10, 11, 12, 13]];34.017609812597016;0
14;20;4;[0.775, 0.812, 0.864, 0.921, 0.973, 0.983, 1, 1, 1, 1, 1, 1, 1, 1];[[0, 1, 2, 3, 4, 5, 6, 7, 8, 9, 10, 11, 12, 13]];44.31360573959458;0
14;20;5;[0.741, 0.791, 0.85, 0.913, 0.97, 0.983, 1, 1, 1, 1, 1, 1, 1, 1];[[0, 1, 2, 3, 4, 5, 6, 7, 8, 9, 10, 11, 12, 13]];52.4137529807206;0
14;20;6;[0.71, 0.772, 0.839, 0.907, 0.968, 0.983, 1, 1, 1, 1, 1, 1, 1, 1];[[0, 1, 2, 3, 4, 5, 6, 7, 8, 9, 10, 11, 12, 13]];58.621797347579985;0
14;20;7;[0.682, 0.756, 0.829, 0.901, 0.966, 0.983, 1, 1, 1, 1, 1, 1, 1, 1];[[0, 1, 2, 3, 4, 5, 6, 7, 8, 9, 10, 11, 12, 13]];63.28941014540382;0
14;20;8;[0.658, 0.742, 0.82, 0.896, 0.965, 0.983, 1, 1, 1, 1, 1, 1, 1, 1];[[0, 1, 2, 3, 4, 5, 6, 7, 8, 9, 10, 11, 12, 13]];69.06972667418108;0
14;20;9;[0.636, 0.729, 0.813, 0.892, 0.964, 0.983, 1, 1, 1, 1, 1, 1, 1, 1];[[0, 1, 2, 3, 4, 5, 6, 7, 8, 9, 10, 11, 12, 13]];74.2414462853546;0
14;100;0;[1, 1, 1, 1, 1, 1, 1, 1, 1, 1, 1, 1, 1, 1];[[1, 4, 5, 6, 7, 9, 10, 12], [8, 11, 13], [0], [2], [3]];3.2741809263825417e-11;0
14;100;1;[0.896, 0.898, 0.922, 0.954, 0.982, 0.984, 1, 1, 1, 1, 1, 1, 1, 1];[[0, 1, 2, 3, 4, 5, 6, 7, 8, 9, 10, 11, 12, 13]];205.5737323062549;0
14;100;2;[0.853, 0.866, 0.9, 0.941, 0.979, 0.983, 1, 1, 1, 1, 1, 1, 1, 1];[[0, 1, 2, 3, 4, 5, 6, 7, 8, 9, 10, 11, 12, 13]];538.9069945993151;0
14;100;3;[0.812, 0.837, 0.88, 0.93, 0.975, 0.983, 1, 1, 1, 1, 1, 1, 1, 1];[[0, 1, 2, 3, 4, 5, 6, 7, 8, 9, 10, 11, 12, 13]];850.4402453149296;0
14;100;4;[0.775, 0.812, 0.864, 0.921, 0.973, 0.983, 1, 1, 1, 1, 1, 1, 1, 1];[[0, 1, 2, 3, 4, 5, 6, 7, 8, 9, 10, 11, 12, 13]];1107.8401434898678;0
14;100;5;[0.741, 0.791, 0.85, 0.913, 0.97, 0.983, 1, 1, 1, 1, 1, 1, 1, 1];[[0, 1, 2, 3, 4, 5, 6, 7, 8, 9, 10, 11, 12, 13]];1310.343824518016;0
14;100;6;[0.71, 0.772, 0.839, 0.907, 0.968, 0.983, 1, 1, 1, 1, 1, 1, 1, 1];[[0, 1, 2, 3, 4, 5, 6, 7, 8, 9, 10, 11, 12, 13]];1465.544933689499;0
14;100;7;[0.682, 0.756, 0.829, 0.901, 0.966, 0.983, 1, 1, 1, 1, 1, 1, 1, 1];[[0, 1, 2, 3, 4, 5, 6, 7, 8, 9, 10, 11, 12, 13]];1582.2352536350963;0
14;100;8;[0.658, 0.742, 0.82, 0.896, 0.965, 0.983, 1, 1, 1, 1, 1, 1, 1, 1];[[0, 1, 2, 3, 4, 5, 6, 7, 8, 9, 10, 11, 12, 13]];1726.7431668545287;0
14;100;9;[0.636, 0.729, 0.813, 0.892, 0.964, 0.983, 1, 1, 1, 1, 1, 1, 1, 1];[[0, 1, 2, 3, 4, 5, 6, 7, 8, 9, 10, 11, 12, 13]];1856.036157133863;0
